Group 1,Group 2,Fisher exact p_value
2_Clustered,2_Random,7.026554196945746e-05
3_Clustered,3_Random,0.00020361372757286093
4_Clustered,4_Random,0.007031229373859176
